"enep1","eneg","avemag","uppertier","enpres","proximity1","st.eneg","st.logavemag","st.uppertier","st.enpres","st.proximity1","country","year","country.year"
5.75,1.3421,10.53,0,2.09,1,-0.209624,0.379919,-0.230057,0.31743,0.955463,"Argentina",1946,"Argentina (1946)"
1.97,1.3421,10.53,0,1.96,1,-0.209624,0.379919,-0.230057,0.276053,0.955463,"Argentina",1951,"Argentina (1951)"
1.93,1.3421,4.56,0,1.96,0.2,-0.209624,0.0554044,-0.230057,0.276053,-0.0660439,"Argentina",1954,"Argentina (1954)"
2.885,1.3421,8.13,0,2.65,1,-0.209624,0.279619,-0.230057,0.495669,0.955463,"Argentina",1958,"Argentina (1958)"
5.485,1.3421,4.17,0,2.65,0.2,-0.209624,0.0207365,-0.230057,0.495669,-0.0660439,"Argentina",1960,"Argentina (1960)"
5.98,1.3421,8.35,0,3.9,1,-0.209624,0.289972,-0.230057,0.893524,0.955463,"Argentina",1963,"Argentina (1963)"
5.155,1.3421,4.17,0,3.9,0.33,-0.209624,0.0207365,-0.230057,0.893524,0.0999511,"Argentina",1965,"Argentina (1965)"
3.19,1.3421,10.13,0,2.66,1,-0.209624,0.364902,-0.230057,0.498852,0.955463,"Argentina",1973,"Argentina (1973)"
2.63,1.3421,10.58,0,2.3,1,-0.209624,0.381755,-0.230057,0.38427,0.955463,"Argentina",1983,"Argentina (1983)"
4.24,1.3421,5.29,0,2.3,0.33,-0.209624,0.112984,-0.230057,0.38427,0.0999511,"Argentina",1985,"Argentina (1985)"
3.14,1.3421,5.52,0,2.3,0.33,-0.209624,0.129487,-0.230057,0.38427,0.0999511,"Argentina",1987,"Argentina (1987)"
3.35,1.3421,5.29,0,2.91,1,-0.209624,0.112984,-0.230057,0.578423,0.955463,"Argentina",1989,"Argentina (1989)"
3.57,1.3421,5.29,0,2.91,0.33,-0.209624,0.112984,-0.230057,0.578423,0.0999511,"Argentina",1991,"Argentina (1991)"
3.37,1.3421,5.29,0,2.91,0.33,-0.209624,0.112984,-0.230057,0.578423,0.0999511,"Argentina",1993,"Argentina (1993)"
3.58,1.3421,5.42,0,2.75,1,-0.209624,0.122398,-0.230057,0.527498,0.955463,"Argentina",1995,"Argentina (1995)"
3.65,1.3421,5.29,0,2.75,0,-0.209624,0.112984,-0.230057,0.527498,-0.321421,"Argentina",1997,"Argentina (1997)"
3.225,1.3421,5.42,0,2.56,1,-0.209624,0.122398,-0.230057,0.467024,0.955463,"Argentina",1999,"Argentina (1999)"
2.74,1.1744,1,0,0,0,-0.288908,-0.532945,-0.230057,-0.347783,-0.321421,"Australia",1946,"Australia (1946)"
2.64,1.1744,1,0,0,0,-0.288908,-0.532945,-0.230057,-0.347783,-0.321421,"Australia",1949,"Australia (1949)"
2.49,1.1744,1,0,0,0,-0.288908,-0.532945,-0.230057,-0.347783,-0.321421,"Australia",1951,"Australia (1951)"
2.46,1.1744,1,0,0,0,-0.288908,-0.532945,-0.230057,-0.347783,-0.321421,"Australia",1954,"Australia (1954)"
2.735,1.1744,1,0,0,0,-0.288908,-0.532945,-0.230057,-0.347783,-0.321421,"Australia",1955,"Australia (1955)"
2.97,1.1744,1,0,0,0,-0.288908,-0.532945,-0.230057,-0.347783,-0.321421,"Australia",1958,"Australia (1958)"
2.81,1.1744,1,0,0,0,-0.288908,-0.532945,-0.230057,-0.347783,-0.321421,"Australia",1961,"Australia (1961)"
2.79,1.1744,1,0,0,0,-0.288908,-0.532945,-0.230057,-0.347783,-0.321421,"Australia",1963,"Australia (1963)"
2.98,1.1744,1,0,0,0,-0.288908,-0.532945,-0.230057,-0.347783,-0.321421,"Australia",1966,"Australia (1966)"
2.83,1.1744,1,0,0,0,-0.288908,-0.532945,-0.230057,-0.347783,-0.321421,"Australia",1969,"Australia (1969)"
2.77,1.1744,1,0,0,0,-0.288908,-0.532945,-0.230057,-0.347783,-0.321421,"Australia",1972,"Australia (1972)"
2.66,1.1744,1,0,0,0,-0.288908,-0.532945,-0.230057,-0.347783,-0.321421,"Australia",1974,"Australia (1974)"
2.7,1.1744,1,0,0,0,-0.288908,-0.532945,-0.230057,-0.347783,-0.321421,"Australia",1975,"Australia (1975)"
3.115,1.1744,1,0,0,0,-0.288908,-0.532945,-0.230057,-0.347783,-0.321421,"Australia",1977,"Australia (1977)"
2.81,1.1744,1,0,0,0,-0.288908,-0.532945,-0.230057,-0.347783,-0.321421,"Australia",1980,"Australia (1980)"
2.67,1.1744,1,0,0,0,-0.288908,-0.532945,-0.230057,-0.347783,-0.321421,"Australia",1983,"Australia (1983)"
2.79,1.1744,1,0,0,0,-0.288908,-0.532945,-0.230057,-0.347783,-0.321421,"Australia",1984,"Australia (1984)"
3.02,1.1744,1,0,0,0,-0.288908,-0.532945,-0.230057,-0.347783,-0.321421,"Australia",1987,"Australia (1987)"
3.34,1.1744,1,0,0,0,-0.288908,-0.532945,-0.230057,-0.347783,-0.321421,"Australia",1990,"Australia (1990)"
2.88,1.1744,1,0,0,0,-0.288908,-0.532945,-0.230057,-0.347783,-0.321421,"Australia",1993,"Australia (1993)"
3.21,1.1744,1,0,0,0,-0.288908,-0.532945,-0.230057,-0.347783,-0.321421,"Australia",1996,"Australia (1996)"
3.46,1.1744,1,0,0,0,-0.288908,-0.532945,-0.230057,-0.347783,-0.321421,"Australia",1998,"Australia (1998)"
2.78,1.14368,6.6,12.73,0,0,-0.303432,0.198776,0.261618,-0.347783,-0.321421,"Austria",1949,"Austria (1949)"
2.76,1.14368,6.6,14.55,2.93,0.33,-0.303432,0.198776,0.331912,0.584789,0.0999511,"Austria",1953,"Austria (1953)"
2.48,1.14368,6.6,10.91,2.93,0.67,-0.303432,0.198776,0.191323,0.584789,0.534092,"Austria",1956,"Austria (1956)"
2.48,1.14368,6.6,12.12,2,0.33,-0.303432,0.198776,0.238057,0.288785,0.0999511,"Austria",1959,"Austria (1959)"
2.47,1.14368,6.6,10.3,2,0.67,-0.303432,0.198776,0.167763,0.288785,0.534092,"Austria",1962,"Austria (1962)"
2.39,1.14368,6.6,8.48,2,0.67,-0.303432,0.198776,0.0974686,0.288785,0.534092,"Austria",1966,"Austria (1966)"
2.29,1.14368,6.6,8.48,2,0.67,-0.303432,0.198776,0.0974686,0.288785,0.534092,"Austria",1970,"Austria (1970)"
2.28,1.14368,20.33,8.74,1.99,1,-0.303432,0.635011,0.107511,0.285602,0.955463,"Austria",1971,"Austria (1971)"
2.27,1.14368,20.33,6.56,2,0.67,-0.303432,0.635011,0.0233119,0.288785,0.534092,"Austria",1975,"Austria (1975)"
2.28,1.14368,20.33,7.65,2,0.67,-0.303432,0.635011,0.0654113,0.288785,0.534092,"Austria",1979,"Austria (1979)"
2.4,1.14368,20.33,10.38,1.5,0,-0.303432,0.635011,0.170853,0.129643,-0.321421,"Austria",1983,"Austria (1983)"
2.72,1.14368,20.33,11.48,2.27,1,-0.303432,0.635011,0.213338,0.374721,0.955463,"Austria",1986,"Austria (1986)"
3.17,1.14368,20.33,13.66,2.27,0.33,-0.303432,0.635011,0.297537,0.374721,0.0999511,"Austria",1990,"Austria (1990)"
3.87,1.14368,4.26,50.27,2.99,0.33,-0.303432,0.0290163,1.71154,0.603886,0.0999511,"Austria",1994,"Austria (1994)"
3.59,1.14368,4.26,46.99,2.99,0,-0.303432,0.0290163,1.58485,0.603886,-0.321421,"Austria",1995,"Austria (1995)"
3.82,1.14368,4.26,45.9,2.26,0.66,-0.303432,0.0290163,1.54275,0.371539,0.521323,"Austria",1999,"Austria (1999)"
3.59,2.21976,13,0,2.3,0.2,0.205309,0.461627,-0.230057,0.38427,-0.0660439,"Brazil",1947,"Brazil (1947)"
7.11,2.21976,12.16,0,2.68,1,0.205309,0.435726,-0.230057,0.505218,0.955463,"Brazil",1950,"Brazil (1950)"
8.69,2.21976,13.04,0,2.68,0.6,0.205309,0.462818,-0.230057,0.505218,0.44471,"Brazil",1954,"Brazil (1954)"
9.82,2.21976,13.04,0,2.97,0.2,0.205309,0.462818,-0.230057,0.59752,-0.0660439,"Brazil",1958,"Brazil (1958)"
11.17,2.21976,15.56,0,2.65,0.2,0.205309,0.531327,-0.230057,0.495669,-0.0660439,"Brazil",1962,"Brazil (1962)"
2.65,2.21976,19.16,0,0,0,0.205309,0.612027,-0.230057,-0.347783,-0.321421,"Brazil",1982,"Brazil (1982)"
3.555,2.21976,18.73,0,0,0,0.205309,0.603226,-0.230057,-0.347783,-0.321421,"Brazil",1986,"Brazil (1986)"
9.79,2.21976,18.63,0,5.69,0.6,0.205309,0.60115,-0.230057,1.46325,0.44471,"Brazil",1990,"Brazil (1990)"
8.53,2.21976,19,0,2.65,1,0.205309,0.608776,-0.230057,0.495669,0.955463,"Brazil",1994,"Brazil (1994)"
8.14,2.21976,19,0,2.53,1,0.205309,0.608776,-0.230057,0.457475,0.955463,"Brazil",1998,"Brazil (1998)"
2.835,2.47733,1,0,0,0,0.327082,-0.532945,-0.230057,-0.347783,-0.321421,"Canada",1949,"Canada (1949)"
2.855,2.47733,1,0,0,0,0.327082,-0.532945,-0.230057,-0.347783,-0.321421,"Canada",1953,"Canada (1953)"
2.99,2.47733,1,0,0,0,0.327082,-0.532945,-0.230057,-0.347783,-0.321421,"Canada",1957,"Canada (1957)"
2.44,2.47733,1,0,0,0,0.327082,-0.532945,-0.230057,-0.347783,-0.321421,"Canada",1958,"Canada (1958)"
3.23,2.47733,1,0,0,0,0.327082,-0.532945,-0.230057,-0.347783,-0.321421,"Canada",1962,"Canada (1962)"
3.2,2.47733,1,0,0,0,0.327082,-0.532945,-0.230057,-0.347783,-0.321421,"Canada",1963,"Canada (1963)"
3.31,2.47733,1,0,0,0,0.327082,-0.532945,-0.230057,-0.347783,-0.321421,"Canada",1965,"Canada (1965)"
2.97,2.47733,1,0,0,0,0.327082,-0.532945,-0.230057,-0.347783,-0.321421,"Canada",1968,"Canada (1968)"
3.25,2.47733,1,0,0,0,0.327082,-0.532945,-0.230057,-0.347783,-0.321421,"Canada",1972,"Canada (1972)"
2.96,2.47733,1,0,0,0,0.327082,-0.532945,-0.230057,-0.347783,-0.321421,"Canada",1974,"Canada (1974)"
3.09,2.47733,1,0,0,0,0.327082,-0.532945,-0.230057,-0.347783,-0.321421,"Canada",1979,"Canada (1979)"
2.93,2.47733,1,0,0,0,0.327082,-0.532945,-0.230057,-0.347783,-0.321421,"Canada",1980,"Canada (1980)"
2.75,2.47733,1,0,0,0,0.327082,-0.532945,-0.230057,-0.347783,-0.321421,"Canada",1984,"Canada (1984)"
3.04,2.47733,1,0,0,0,0.327082,-0.532945,-0.230057,-0.347783,-0.321421,"Canada",1988,"Canada (1988)"
3.93,2.47733,1,0,0,0,0.327082,-0.532945,-0.230057,-0.347783,-0.321421,"Canada",1993,"Canada (1993)"
4.085,2.47733,1,0,0,0,0.327082,-0.532945,-0.230057,-0.347783,-0.321421,"Canada",1997,"Canada (1997)"
3.77,2.47733,1,0,0,0,0.327082,-0.532945,-0.230057,-0.347783,-0.321421,"Canada",2000,"Canada (2000)"
7.05,1.98807,5.25,0,1.97,0,0.0957727,0.110041,-0.230057,0.279236,-0.321421,"Chile",1949,"Chile (1949)"
11.88,1.98807,5.25,0,2.95,0.67,0.0957727,0.110041,-0.230057,0.591154,0.534092,"Chile",1953,"Chile (1953)"
8.62,1.98807,5.25,0,2.95,0.67,0.0957727,0.110041,-0.230057,0.591154,0.534092,"Chile",1957,"Chile (1957)"
6.44,1.98807,5.25,0,3.97,0,0.0957727,0.110041,-0.230057,0.915804,-0.321421,"Chile",1961,"Chile (1961)"
4.06,1.98807,5.25,0,2.14,0.67,0.0957727,0.110041,-0.230057,0.333344,0.534092,"Chile",1965,"Chile (1965)"
4.92,1.98807,5.36,0,2.14,0.67,0.0957727,0.118082,-0.230057,0.333344,0.534092,"Chile",1969,"Chile (1969)"
5.3,1.98807,5.24,0,2.96,0.67,0.0957727,0.109302,-0.230057,0.594337,0.534092,"Chile",1973,"Chile (1973)"
2.37,2.90698,7.65,0,2.35,1,0.530208,0.256022,-0.230057,0.400184,0.955463,"Colombia",1974,"Colombia (1974)"
2.17,2.90698,7.65,0,2.16,1,0.530208,0.256022,-0.230057,0.33971,0.955463,"Colombia",1978,"Colombia (1978)"
2.08,2.90698,7.65,0,2.5,1,0.530208,0.256022,-0.230057,0.447927,0.955463,"Colombia",1982,"Colombia (1982)"
2.685,2.90698,7.65,0,2.1,1,0.530208,0.256022,-0.230057,0.320613,0.955463,"Colombia",1986,"Colombia (1986)"
2.23,2.90698,7.65,0,3.04,1,0.530208,0.256022,-0.230057,0.6198,0.955463,"Colombia",1990,"Colombia (1990)"
3.33,2.90698,4.88,0,3.04,0.5,0.530208,0.0817029,-0.230057,0.6198,0.317021,"Colombia",1991,"Colombia (1991)"
2.67,2.90698,4.88,0,2.41,1,0.530208,0.0817029,-0.230057,0.419281,0.955463,"Colombia",1994,"Colombia (1994)"
2.11,1.31165,6.43,0,1.84,1,-0.22402,0.188657,-0.230057,0.237859,0.955463,"Costa Rica",1953,"Costa Rica (1953)"
3.57,1.31165,6.43,0,2.44,1,-0.22402,0.188657,-0.230057,0.42883,0.955463,"Costa Rica",1958,"Costa Rica (1958)"
2.71,1.31165,8.14,0,2.52,1,-0.22402,0.280096,-0.230057,0.454292,0.955463,"Costa Rica",1962,"Costa Rica (1962)"
2.33,1.31165,8.14,0,1.9998,1,-0.22402,0.280096,-0.230057,0.288721,0.955463,"Costa Rica",1966,"Costa Rica (1966)"
2.56,1.31165,8.14,0,2.13,1,-0.22402,0.280096,-0.230057,0.330162,0.955463,"Costa Rica",1970,"Costa Rica (1970)"
4.01,1.31165,8.14,0,3.3,1,-0.22402,0.280096,-0.230057,0.702554,0.955463,"Costa Rica",1974,"Costa Rica (1974)"
2.88,1.31165,8.14,0,2.23,1,-0.22402,0.280096,-0.230057,0.36199,0.955463,"Costa Rica",1978,"Costa Rica (1978)"
2.53,1.31165,8.14,0,2.17,1,-0.22402,0.280096,-0.230057,0.342893,0.955463,"Costa Rica",1982,"Costa Rica (1982)"
2.485,1.31165,8.14,0,2.07,1,-0.22402,0.280096,-0.230057,0.311065,0.955463,"Costa Rica",1986,"Costa Rica (1986)"
2.56,1.31165,8.14,0,2.05,1,-0.22402,0.280096,-0.230057,0.304699,0.955463,"Costa Rica",1990,"Costa Rica (1990)"
2.78,1.31165,8.14,0,2.11,1,-0.22402,0.280096,-0.230057,0.323796,0.955463,"Costa Rica",1994,"Costa Rica (1994)"
3.37,1.31165,8.14,0,2.38,1,-0.22402,0.280096,-0.230057,0.409733,0.955463,"Costa Rica",1998,"Costa Rica (1998)"
3.515,1.56055,5.83,0,1.08,0.73,-0.106347,0.150674,-0.230057,-0.00403629,0.610705,"Cyprus",1970,"Cyprus (1970)"
1.84,1.56055,5.83,0,1.08,0.07,-0.106347,0.150674,-0.230057,-0.00403629,-0.232039,"Cyprus",1976,"Cyprus (1976)"
3.895,1.56055,5.83,0,1.08,0.73,-0.106347,0.150674,-0.230057,-0.00403629,0.610705,"Cyprus",1981,"Cyprus (1981)"
3.8,1.14619,5.09,20.9,0,0,-0.302245,0.09804,0.57717,-0.347783,-0.321421,"Denmark",1947,"Denmark (1947)"
4.01,1.14619,4.57,29.5,0,0,-0.302245,0.0562538,0.90933,-0.347783,-0.321421,"Denmark",1950,"Denmark (1950)"
3.92,1.14619,4.57,29.5,0,0,-0.302245,0.0562538,0.90933,-0.347783,-0.321421,"Denmark",1953,"Denmark (1953)"
3.82,1.14619,5.87,22.9,0,0,-0.302245,0.153325,0.654416,-0.347783,-0.321421,"Denmark",1953,"Denmark (1953)"
3.9,1.14619,5.87,22.9,0,0,-0.302245,0.153325,0.654416,-0.347783,-0.321421,"Denmark",1957,"Denmark (1957)"
3.81,1.14619,5.87,22.9,0,0,-0.302245,0.153325,0.654416,-0.347783,-0.321421,"Denmark",1960,"Denmark (1960)"
3.75,1.14619,5.87,22.9,0,0,-0.302245,0.153325,0.654416,-0.347783,-0.321421,"Denmark",1964,"Denmark (1964)"
4.22,1.14619,5.87,22.9,0,0,-0.302245,0.153325,0.654416,-0.347783,-0.321421,"Denmark",1966,"Denmark (1966)"
4.56,1.14619,5.87,22.9,0,0,-0.302245,0.153325,0.654416,-0.347783,-0.321421,"Denmark",1968,"Denmark (1968)"
4.52,1.14619,7.94,22.9,0,0,-0.302245,0.27045,0.654416,-0.347783,-0.321421,"Denmark",1971,"Denmark (1971)"
7.11,1.14619,7.94,22.9,0,0,-0.302245,0.27045,0.654416,-0.347783,-0.321421,"Denmark",1973,"Denmark (1973)"
5.6,1.14619,7.94,22.9,0,0,-0.302245,0.27045,0.654416,-0.347783,-0.321421,"Denmark",1975,"Denmark (1975)"
5.23,1.14619,7.94,22.9,0,0,-0.302245,0.27045,0.654416,-0.347783,-0.321421,"Denmark",1977,"Denmark (1977)"
4.99,1.14619,7.94,22.9,0,0,-0.302245,0.27045,0.654416,-0.347783,-0.321421,"Denmark",1979,"Denmark (1979)"
5.76,1.14619,7.94,22.9,0,0,-0.302245,0.27045,0.654416,-0.347783,-0.321421,"Denmark",1981,"Denmark (1981)"
5.25,1.14619,7.94,22.9,0,0,-0.302245,0.27045,0.654416,-0.347783,-0.321421,"Denmark",1984,"Denmark (1984)"
5.83,1.14619,7.94,22.9,0,0,-0.302245,0.27045,0.654416,-0.347783,-0.321421,"Denmark",1987,"Denmark (1987)"
5.83,1.14619,7.94,22.9,0,0,-0.302245,0.27045,0.654416,-0.347783,-0.321421,"Denmark",1988,"Denmark (1988)"
4.84,1.14619,7.94,22.9,0,0,-0.302245,0.27045,0.654416,-0.347783,-0.321421,"Denmark",1990,"Denmark (1990)"
4.76,1.14619,7.94,22.9,0,0,-0.302245,0.27045,0.654416,-0.347783,-0.321421,"Denmark",1994,"Denmark (1994)"
4.74,1.14619,7.94,22.9,0,0,-0.302245,0.27045,0.654416,-0.347783,-0.321421,"Denmark",1998,"Denmark (1998)"
2.96,1.63079,1,0,0,0,-0.0731396,-0.532945,-0.230057,-0.347783,-0.321421,"Dominica",1980,"Dominica (1980)"
2.11,1.63079,1,0,0,0,-0.0731396,-0.532945,-0.230057,-0.347783,-0.321421,"Dominica",1985,"Dominica (1985)"
2.69,1.63079,1,0,0,0,-0.0731396,-0.532945,-0.230057,-0.347783,-0.321421,"Dominica",1990,"Dominica (1990)"
2.99,1.63079,1,0,0,0,-0.0731396,-0.532945,-0.230057,-0.347783,-0.321421,"Dominica",1995,"Dominica (1995)"
2.55,1.63079,1,0,0,0,-0.0731396,-0.532945,-0.230057,-0.347783,-0.321421,"Dominica",2000,"Dominica (2000)"
6.4,2.89855,2.85,17.39,4.76,1,0.526223,-0.126842,0.441602,1.16725,0.955463,"Ecuador",1979,"Ecuador (1979)"
10.32,2.89855,2.95,16.9,5.17,1,0.526223,-0.11347,0.422677,1.29774,0.955463,"Ecuador",1984,"Ecuador (1984)"
11.95,2.89855,2.95,16.9,5.17,0,0.526223,-0.11347,0.422677,1.29774,-0.321421,"Ecuador",1986,"Ecuador (1986)"
8.14,2.89855,2.95,16.9,6.57,1,0.526223,-0.11347,0.422677,1.74334,0.955463,"Ecuador",1988,"Ecuador (1988)"
7.9,2.89855,2.86,16.67,6.57,0,0.526223,-0.125484,0.413793,1.74334,-0.321421,"Ecuador",1990,"Ecuador (1990)"
7.79,2.89855,3.1,16.67,4.5,1,0.526223,-0.0942382,0.413793,1.08449,0.955463,"Ecuador",1992,"Ecuador (1992)"
7.48,2.89855,3.1,16.67,4.5,0,0.526223,-0.0942382,0.413793,1.08449,-0.321421,"Ecuador",1994,"Ecuador (1994)"
6.43,2.89855,3.33,14.63,4.82,1,0.526223,-0.0664865,0.335002,1.18634,0.955463,"Ecuador",1996,"Ecuador (1996)"
6.18,2.89855,5,16,4.1,1,0.526223,0.0911225,0.387916,0.957181,0.955463,"Ecuador",1998,"Ecuador (1998)"
2.68,1.24657,4.29,0,3.16,0.6,-0.254788,0.0317374,-0.230057,0.657994,0.44471,"El Salvador",1985,"El Salvador (1985)"
2.75,1.24657,4.29,0,3.16,0.6,-0.254788,0.0317374,-0.230057,0.657994,0.44471,"El Salvador",1988,"El Salvador (1988)"
3.34,1.24657,4.57,23.8,2.35,0.2,-0.254788,0.0562538,0.689177,0.400184,-0.0660439,"El Salvador",1991,"El Salvador (1991)"
3.48,1.24657,4.57,23.8,3,1,-0.254788,0.0562538,0.689177,0.607068,0.955463,"El Salvador",1994,"El Salvador (1994)"
3.95,1.24657,4.57,23.8,3,0.2,-0.254788,0.0562538,0.689177,0.607068,-0.0660439,"El Salvador",1997,"El Salvador (1997)"
3.68,1.24657,4.57,23.8,2.74,0.6,-0.254788,0.0562538,0.689177,0.524315,0.44471,"El Salvador",2000,"El Salvador (2000)"
4.9,1.15141,13.3,0,5.06,0,-0.299777,0.470473,-0.230057,1.26273,-0.321421,"Finland",1948,"Finland (1948)"
4.96,1.15141,13.3,0,5.13,0.67,-0.299777,0.470473,-0.230057,1.28501,0.534092,"Finland",1951,"Finland (1951)"
4.98,1.15141,13.3,0,5.13,0.33,-0.299777,0.470473,-0.230057,1.28501,0.0999511,"Finland",1954,"Finland (1954)"
5.19,1.15141,13.3,0,4.98,0.33,-0.299777,0.470473,-0.230057,1.23727,0.0999511,"Finland",1958,"Finland (1958)"
5.86,1.15141,13.3,0,5.27,1,-0.299777,0.470473,-0.230057,1.32957,0.955463,"Finland",1962,"Finland (1962)"
5.22,1.15141,13.3,0,5.27,0.33,-0.299777,0.470473,-0.230057,1.32957,0.0999511,"Finland",1966,"Finland (1966)"
6.17,1.15141,13.3,0,6.25,0.6,-0.299777,0.470473,-0.230057,1.64149,0.44471,"Finland",1970,"Finland (1970)"
5.95,1.15141,13.3,0,6.25,0.2,-0.299777,0.470473,-0.230057,1.64149,-0.0660439,"Finland",1972,"Finland (1972)"
5.89,1.15141,13.3,0,6.25,0.4,-0.299777,0.470473,-0.230057,1.64149,0.189333,"Finland",1975,"Finland (1975)"
5.74,1.15141,13.3,0,6.25,0.5,-0.299777,0.470473,-0.230057,1.64149,0.317021,"Finland",1979,"Finland (1979)"
5.45,1.15141,13.3,0,3.76,0.67,-0.299777,0.470473,-0.230057,0.848964,0.534092,"Finland",1983,"Finland (1983)"
6.15,1.15141,13.3,0,3.76,0.67,-0.299777,0.470473,-0.230057,0.848964,0.534092,"Finland",1987,"Finland (1987)"
5.91,1.15141,13.3,0,3.19,0,-0.299777,0.470473,-0.230057,0.667542,-0.321421,"Finland",1991,"Finland (1991)"
5.78,1.15141,13.3,0,5.46,0.67,-0.299777,0.470473,-0.230057,1.39005,0.534092,"Finland",1995,"Finland (1995)"
5.93,1.15141,13.3,0,5.46,0.67,-0.299777,0.470473,-0.230057,1.39005,0.534092,"Finland",1999,"Finland (1999)"
4.65,1.37377,5.33,0,0,0,-0.194652,0.115905,-0.230057,-0.347783,-0.321421,"France",1946,"France (1946)"
5.4,1.37377,5.28,0,0,0,-0.194652,0.112251,-0.230057,-0.347783,-0.321421,"France",1951,"France (1951)"
6.08,1.37377,5.28,0,0,0,-0.194652,0.112251,-0.230057,-0.347783,-0.321421,"France",1956,"France (1956)"
6.08,1.37377,1,0,0,0,-0.194652,-0.532945,-0.230057,-0.347783,-0.321421,"France",1958,"France (1958)"
4.93,1.37377,1,0,0,0,-0.194652,-0.532945,-0.230057,-0.347783,-0.321421,"France",1962,"France (1962)"
4.55,1.37377,1,0,3.06,0,-0.194652,-0.532945,-0.230057,0.626165,-0.321421,"France",1967,"France (1967)"
4.32,1.37377,1,0,3.06,0.5,-0.194652,-0.532945,-0.230057,0.626165,0.317021,"France",1968,"France (1968)"
5.68,1.37377,1,0,3.3,0.6,-0.194652,-0.532945,-0.230057,0.702554,0.44471,"France",1973,"France (1973)"
5.08,1.37377,1,0,3.15,0.14,-0.194652,-0.532945,-0.230057,0.654811,-0.142657,"France",1978,"France (1978)"
4.14,1.37377,1,0,4.86,1,-0.194652,-0.532945,-0.230057,1.19908,0.955463,"France",1981,"France (1981)"
4.66,1.37377,5.79,0,4.86,0.43,-0.194652,0.148004,-0.230057,1.19908,0.227639,"France",1986,"France (1986)"
4.38,1.37377,1,0,4.77,1,-0.194652,-0.532945,-0.230057,1.17043,0.955463,"France",1988,"France (1988)"
6.71,1.37377,1,0,4.77,0.43,-0.194652,-0.532945,-0.230057,1.17043,0.227639,"France",1993,"France (1993)"
6.55,1.37377,1,0,5.95,0.43,-0.194652,-0.532945,-0.230057,1.54601,0.227639,"France",1997,"France (1997)"
3.75,1.10488,1,50,0,0,-0.321776,-0.532945,1.70111,-0.347783,-0.321421,"Germany",1990,"Germany (1990)"
3.74,1.10488,1,50,0,0,-0.321776,-0.532945,1.70111,-0.347783,-0.321421,"Germany",1994,"Germany (1994)"
3.79,1.10488,1,50,0,0,-0.321776,-0.532945,1.70111,-0.347783,-0.321421,"Germany",1998,"Germany (1998)"
3.75,6.49562,1,0,3.92,1,2.22682,-0.532945,-0.230057,0.89989,0.955463,"Ghana",1979,"Ghana (1979)"
2.715,1.06232,3.03,0,0,0,-0.341897,-0.103094,-0.230057,-0.347783,-0.321421,"Greece",1952,"Greece (1952)"
2.185,1.06232,7.32,0,0,0,-0.341897,0.238924,-0.230057,-0.347783,-0.321421,"Greece",1956,"Greece (1956)"
2.75,1.06232,5.14,41.3,0,0,-0.341897,0.10183,1.36509,-0.347783,-0.321421,"Greece",1974,"Greece (1974)"
3.74,1.06232,5.14,22.7,0,0,-0.341897,0.10183,0.646692,-0.347783,-0.321421,"Greece",1977,"Greece (1977)"
2.68,1.06232,5.14,22.7,0,0,-0.341897,0.10183,0.646692,-0.347783,-0.321421,"Greece",1981,"Greece (1981)"
2.59,1.06232,5.14,22.7,0,0,-0.341897,0.10183,0.646692,-0.347783,-0.321421,"Greece",1985,"Greece (1985)"
2.73,1.06232,5.14,22.7,0,0,-0.341897,0.10183,0.646692,-0.347783,-0.321421,"Greece",1989,"Greece (1989)"
2.56,1.06232,5.14,22.7,0,0,-0.341897,0.10183,0.646692,-0.347783,-0.321421,"Greece",1989,"Greece (1989)"
2.63,1.06232,5.14,22.7,0,0,-0.341897,0.10183,0.646692,-0.347783,-0.321421,"Greece",1990,"Greece (1990)"
2.63,1.06232,5.14,22.7,0,0,-0.341897,0.10183,0.646692,-0.347783,-0.321421,"Greece",1993,"Greece (1993)"
3.065,1.06232,5.14,22.7,0,0,-0.341897,0.10183,0.646692,-0.347783,-0.321421,"Greece",1996,"Greece (1996)"
2.64,1.06232,5.14,22.7,0,0,-0.341897,0.10183,0.646692,-0.347783,-0.321421,"Greece",2000,"Greece (2000)"
2.83,1.97161,2.5,0,2.81,1,0.0879908,-0.177649,-0.230057,0.546595,0.955463,"Guatemala",1966,"Guatemala (1966)"
2.83,1.97161,2.5,0,2.81,1,0.0879908,-0.177649,-0.230057,0.546595,0.955463,"Guatemala",1970,"Guatemala (1970)"
5.7,1.97161,2.78,20,5.27,0.6,0.0879908,-0.136485,0.542409,1.32957,0.44471,"Guatemala",1994,"Guatemala (1994)"
6.035,1.97161,2.78,20,4.75,1,0.0879908,-0.136485,0.542409,1.16406,0.955463,"Guatemala",1995,"Guatemala (1995)"
3.765,1.97161,3.96,19.47,2.97,1,0.0879908,0.000700457,0.521939,0.59752,0.955463,"Guatemala",1999,"Guatemala (1999)"
2.38,1.22701,7.11,0,2.17,1,-0.264036,0.227637,-0.230057,0.342893,0.955463,"Honduras",1997,"Honduras (1997)"
4.4,5.29069,1,0,0,0,1.65716,-0.532945,-0.230057,-0.347783,-0.321421,"India",1962,"India (1962)"
5.185,5.29069,1,0,0,0,1.65716,-0.532945,-0.230057,-0.347783,-0.321421,"India",1967,"India (1967)"
4.625,5.29069,1,0,0,0,1.65716,-0.532945,-0.230057,-0.347783,-0.321421,"India",1971,"India (1971)"
3.4,5.29069,1,0,0,0,1.65716,-0.532945,-0.230057,-0.347783,-0.321421,"India",1977,"India (1977)"
4.245,5.29069,1,0,0,0,1.65716,-0.532945,-0.230057,-0.347783,-0.321421,"India",1980,"India (1980)"
3.98,5.29069,1,0,0,0,1.65716,-0.532945,-0.230057,-0.347783,-0.321421,"India",1984,"India (1984)"
4.8,5.29069,1,0,0,0,1.65716,-0.532945,-0.230057,-0.347783,-0.321421,"India",1989,"India (1989)"
5.12,5.29069,1,0,0,0,1.65716,-0.532945,-0.230057,-0.347783,-0.321421,"India",1991,"India (1991)"
6.74,5.29069,1,0,0,0,1.65716,-0.532945,-0.230057,-0.347783,-0.321421,"India",1999,"India (1999)"
4.09,1.20627,3.68,0,2.64,0.14,-0.273841,-0.0277341,-0.230057,0.492486,-0.142657,"Ireland",1948,"Ireland (1948)"
3.355,1.20627,3.68,0,2.64,0.71,-0.273841,-0.0277341,-0.230057,0.492486,0.585167,"Ireland",1951,"Ireland (1951)"
3.24,1.20627,3.68,0,1,0.43,-0.273841,-0.0277341,-0.230057,-0.029499,0.227639,"Ireland",1954,"Ireland (1954)"
3.155,1.20627,3.68,0,1,0.43,-0.273841,-0.0277341,-0.230057,-0.029499,0.227639,"Ireland",1957,"Ireland (1957)"
3.235,1.20627,3.79,0,1.97,0.43,-0.273841,-0.0163134,-0.230057,0.279236,0.227639,"Ireland",1961,"Ireland (1961)"
2.72,1.20627,3.79,0,1.97,0.71,-0.273841,-0.0163134,-0.230057,0.279236,0.585167,"Ireland",1965,"Ireland (1965)"
2.82,1.20627,3.4,0,2,0.14,-0.273841,-0.05842,-0.230057,0.288785,-0.142657,"Ireland",1969,"Ireland (1969)"
2.81,1.20627,3.4,0,2,1,-0.273841,-0.05842,-0.230057,0.288785,0.955463,"Ireland",1973,"Ireland (1973)"
2.855,1.20627,3.5,0,1,0.71,-0.273841,-0.0471799,-0.230057,-0.029499,0.585167,"Ireland",1977,"Ireland (1977)"
2.86,1.20627,4,0,1,0.43,-0.273841,0.00459752,-0.230057,-0.029499,0.227639,"Ireland",1981,"Ireland (1981)"
2.69,1.20627,4,0,1,0.71,-0.273841,0.00459752,-0.230057,-0.029499,0.585167,"Ireland",1982,"Ireland (1982)"
2.72,1.20627,4,0,1,0.71,-0.273841,0.00459752,-0.230057,-0.029499,0.585167,"Ireland",1982,"Ireland (1982)"
3.47,1.20627,4,0,1,0.14,-0.273841,0.00459752,-0.230057,-0.029499,-0.142657,"Ireland",1987,"Ireland (1987)"
3.375,1.20627,4,0,1,0.71,-0.273841,0.00459752,-0.230057,-0.029499,0.585167,"Ireland",1989,"Ireland (1989)"
3.94,1.20627,4,0,2.67,0.43,-0.273841,0.00459752,-0.230057,0.502035,0.227639,"Ireland",1992,"Ireland (1992)"
4.025,1.20627,4,0,3.16,1,-0.273841,0.00459752,-0.230057,0.657994,0.955463,"Ireland",1997,"Ireland (1997)"
5.405,2.10763,120,0,0,0,0.152297,1.32343,-0.230057,-0.347783,-0.321421,"Israel",1949,"Israel (1949)"
5.13,2.10763,120,0,0,0,0.152297,1.32343,-0.230057,-0.347783,-0.321421,"Israel",1951,"Israel (1951)"
6.355,2.10763,120,0,0,0,0.152297,1.32343,-0.230057,-0.347783,-0.321421,"Israel",1955,"Israel (1955)"
5.205,2.10763,120,0,0,0,0.152297,1.32343,-0.230057,-0.347783,-0.321421,"Israel",1959,"Israel (1959)"
5.51,2.10763,120,0,0,0,0.152297,1.32343,-0.230057,-0.347783,-0.321421,"Israel",1961,"Israel (1961)"
4.93,2.10763,120,0,0,0,0.152297,1.32343,-0.230057,-0.347783,-0.321421,"Israel",1965,"Israel (1965)"
3.63,2.10763,120,0,0,0,0.152297,1.32343,-0.230057,-0.347783,-0.321421,"Israel",1969,"Israel (1969)"
3.845,2.10763,120,0,0,0,0.152297,1.32343,-0.230057,-0.347783,-0.321421,"Israel",1973,"Israel (1973)"
5.025,2.10763,120,0,0,0,0.152297,1.32343,-0.230057,-0.347783,-0.321421,"Israel",1977,"Israel (1977)"
3.585,2.10763,120,0,0,0,0.152297,1.32343,-0.230057,-0.347783,-0.321421,"Israel",1981,"Israel (1981)"
4.315,2.10763,120,0,0,0,0.152297,1.32343,-0.230057,-0.347783,-0.321421,"Israel",1984,"Israel (1984)"
5.025,2.10763,120,0,0,0,0.152297,1.32343,-0.230057,-0.347783,-0.321421,"Israel",1988,"Israel (1988)"
4.91,2.10763,120,0,0,0,0.152297,1.32343,-0.230057,-0.347783,-0.321421,"Israel",1992,"Israel (1992)"
5.85,2.10763,120,0,0,0,0.152297,1.32343,-0.230057,-0.347783,-0.321421,"Israel",1996,"Israel (1996)"
10.115,2.10763,120,0,0,0,0.152297,1.32343,-0.230057,-0.347783,-0.321421,"Israel",1999,"Israel (1999)"
4.07,1.04123,19.69,10.5,0,0,-0.351868,0.622607,0.175488,-0.347783,-0.321421,"Italy",1972,"Italy (1972)"
3.39,1.04123,19.69,9.5,0,0,-0.351868,0.622607,0.136864,-0.347783,-0.321421,"Italy",1976,"Italy (1976)"
3.91,1.04123,19.69,12.1,0,0,-0.351868,0.622607,0.237285,-0.347783,-0.321421,"Italy",1979,"Italy (1979)"
4.51,1.04123,19.69,11.9,0,0,-0.351868,0.622607,0.22956,-0.347783,-0.321421,"Italy",1983,"Italy (1983)"
4.61,1.04123,19.69,14.4,0,0,-0.351868,0.622607,0.326118,-0.347783,-0.321421,"Italy",1987,"Italy (1987)"
6.62,1.04123,19.69,19.8,0,0,-0.351868,0.622607,0.534684,-0.347783,-0.321421,"Italy",1992,"Italy (1992)"
7.57,1.04123,1,24.6,0,0,-0.351868,-0.532945,0.720076,-0.347783,-0.321421,"Italy",1994,"Italy (1994)"
7.06,1.04123,1,24.6,0,0,-0.351868,-0.532945,0.720076,-0.347783,-0.321421,"Italy",1996,"Italy (1996)"
2.06,1.19962,1,0,0,0,-0.276985,-0.532945,-0.230057,-0.347783,-0.321421,"Jamaica",1962,"Jamaica (1962)"
2.01,1.19962,1,0,0,0,-0.276985,-0.532945,-0.230057,-0.347783,-0.321421,"Jamaica",1967,"Jamaica (1967)"
1.97,1.19962,1,0,0,0,-0.276985,-0.532945,-0.230057,-0.347783,-0.321421,"Jamaica",1972,"Jamaica (1972)"
1.96,1.19962,1,0,0,0,-0.276985,-0.532945,-0.230057,-0.347783,-0.321421,"Jamaica",1976,"Jamaica (1976)"
1.94,1.19962,1,0,0,0,-0.276985,-0.532945,-0.230057,-0.347783,-0.321421,"Jamaica",1980,"Jamaica (1980)"
1.23,1.19962,1,0,0,0,-0.276985,-0.532945,-0.230057,-0.347783,-0.321421,"Jamaica",1983,"Jamaica (1983)"
1.97,1.19962,1,0,0,0,-0.276985,-0.532945,-0.230057,-0.347783,-0.321421,"Jamaica",1989,"Jamaica (1989)"
1.91,1.19962,1,0,0,0,-0.276985,-0.532945,-0.230057,-0.347783,-0.321421,"Jamaica",1993,"Jamaica (1993)"
2.14,1.19962,1,0,0,0,-0.276985,-0.532945,-0.230057,-0.347783,-0.321421,"Jamaica",1997,"Jamaica (1997)"
4.61,1.01211,3.98,0,0,0,-0.365635,0.00265389,-0.230057,-0.347783,-0.321421,"Japan",1947,"Japan (1947)"
3.945,1.01211,3.98,0,0,0,-0.365635,0.00265389,-0.230057,-0.347783,-0.321421,"Japan",1949,"Japan (1949)"
3.41,1.01211,3.98,0,0,0,-0.365635,0.00265389,-0.230057,-0.347783,-0.321421,"Japan",1952,"Japan (1952)"
4.31,1.01211,3.98,0,0,0,-0.365635,0.00265389,-0.230057,-0.347783,-0.321421,"Japan",1953,"Japan (1953)"
4.01,1.01211,3.96,0,0,0,-0.365635,0.000700457,-0.230057,-0.347783,-0.321421,"Japan",1955,"Japan (1955)"
2.18,1.01211,3.96,0,0,0,-0.365635,0.000700457,-0.230057,-0.347783,-0.321421,"Japan",1958,"Japan (1958)"
2.37,1.01211,3.96,0,0,0,-0.365635,0.000700457,-0.230057,-0.347783,-0.321421,"Japan",1960,"Japan (1960)"
2.465,1.01211,3.96,0,0,0,-0.365635,0.000700457,-0.230057,-0.347783,-0.321421,"Japan",1963,"Japan (1963)"
3.01,1.01211,3.95,0,0,0,-0.365635,-0.00027996,-0.230057,-0.347783,-0.321421,"Japan",1967,"Japan (1967)"
3.22,1.01211,3.95,0,0,0,-0.365635,-0.00027996,-0.230057,-0.347783,-0.321421,"Japan",1969,"Japan (1969)"
3.255,1.01211,3.96,0,0,0,-0.365635,0.000700457,-0.230057,-0.347783,-0.321421,"Japan",1972,"Japan (1972)"
3.85,1.01211,3.93,0,0,0,-0.365635,-0.00224826,-0.230057,-0.347783,-0.321421,"Japan",1976,"Japan (1976)"
3.63,1.01211,3.93,0,0,0,-0.365635,-0.00224826,-0.230057,-0.347783,-0.321421,"Japan",1979,"Japan (1979)"
3.385,1.01211,3.93,0,0,0,-0.365635,-0.00224826,-0.230057,-0.347783,-0.321421,"Japan",1980,"Japan (1980)"
3.49,1.01211,3.93,0,0,0,-0.365635,-0.00224826,-0.230057,-0.347783,-0.321421,"Japan",1983,"Japan (1983)"
3.295,1.01211,3.94,0,0,0,-0.365635,-0.00126286,-0.230057,-0.347783,-0.321421,"Japan",1986,"Japan (1986)"
3.335,1.01211,3.94,0,0,0,-0.365635,-0.00126286,-0.230057,-0.347783,-0.321421,"Japan",1990,"Japan (1990)"
4.995,1.01211,3.96,0,0,0,-0.365635,0.000700457,-0.230057,-0.347783,-0.321421,"Japan",1993,"Japan (1993)"
3.915,1.01211,1,40,0,0,-0.365635,-0.532945,1.31487,-0.347783,-0.321421,"Japan",1996,"Japan (1996)"
3.8,1.01211,1,37.5,0,0,-0.365635,-0.532945,1.21832,-0.347783,-0.321421,"Japan",2000,"Japan (2000)"
3.405,1.00401,1,16.8,2.86,0.2,-0.369464,-0.532945,0.418814,0.562509,-0.0660439,"Korea, South (Rep.)",2000,"Korea, South (Rep.) (2000)"
3.09,2.0899,1,0,0,0,0.143915,-0.532945,-0.230057,-0.347783,-0.321421,"Myanmar",1956,"Myanmar (1956)"
4.68,1.08319,100,0,0,0,-0.33203,1.25273,-0.230057,-0.347783,-0.321421,"Netherlands",1946,"Netherlands (1946)"
4.985,1.08319,100,0,0,0,-0.33203,1.25273,-0.230057,-0.347783,-0.321421,"Netherlands",1948,"Netherlands (1948)"
5,1.08319,100,0,0,0,-0.33203,1.25273,-0.230057,-0.347783,-0.321421,"Netherlands",1952,"Netherlands (1952)"
4.26,1.08319,150,0,0,0,-0.33203,1.40995,-0.230057,-0.347783,-0.321421,"Netherlands",1956,"Netherlands (1956)"
4.46,1.08319,150,0,0,0,-0.33203,1.40995,-0.230057,-0.347783,-0.321421,"Netherlands",1959,"Netherlands (1959)"
4.8,1.08319,150,0,0,0,-0.33203,1.40995,-0.230057,-0.347783,-0.321421,"Netherlands",1963,"Netherlands (1963)"
6.21,1.08319,150,0,0,0,-0.33203,1.40995,-0.230057,-0.347783,-0.321421,"Netherlands",1967,"Netherlands (1967)"
7.11,1.08319,150,0,0,0,-0.33203,1.40995,-0.230057,-0.347783,-0.321421,"Netherlands",1971,"Netherlands (1971)"
6.85,1.08319,150,0,0,0,-0.33203,1.40995,-0.230057,-0.347783,-0.321421,"Netherlands",1972,"Netherlands (1972)"
3.96,1.08319,150,0,0,0,-0.33203,1.40995,-0.230057,-0.347783,-0.321421,"Netherlands",1977,"Netherlands (1977)"
4.56,1.08319,150,0,0,0,-0.33203,1.40995,-0.230057,-0.347783,-0.321421,"Netherlands",1981,"Netherlands (1981)"
4.24,1.08319,150,0,0,0,-0.33203,1.40995,-0.230057,-0.347783,-0.321421,"Netherlands",1982,"Netherlands (1982)"
3.77,1.08319,150,0,0,0,-0.33203,1.40995,-0.230057,-0.347783,-0.321421,"Netherlands",1986,"Netherlands (1986)"
3.9,1.08319,150,0,0,0,-0.33203,1.40995,-0.230057,-0.347783,-0.321421,"Netherlands",1989,"Netherlands (1989)"
5.71,1.08319,150,0,0,0,-0.33203,1.40995,-0.230057,-0.347783,-0.321421,"Netherlands",1994,"Netherlands (1994)"
5.14,1.08319,150,0,0,0,-0.33203,1.40995,-0.230057,-0.347783,-0.321421,"Netherlands",1998,"Netherlands (1998)"
2.01,1.57101,1,0,0,0,-0.101402,-0.532945,-0.230057,-0.347783,-0.321421,"New Zealand",1946,"New Zealand (1946)"
2.03,1.57101,1,0,0,0,-0.101402,-0.532945,-0.230057,-0.347783,-0.321421,"New Zealand",1949,"New Zealand (1949)"
1.99,1.57101,1,0,0,0,-0.101402,-0.532945,-0.230057,-0.347783,-0.321421,"New Zealand",1951,"New Zealand (1951)"
2.48,1.57101,1,0,0,0,-0.101402,-0.532945,-0.230057,-0.347783,-0.321421,"New Zealand",1954,"New Zealand (1954)"
2.3,1.57101,1,0,0,0,-0.101402,-0.532945,-0.230057,-0.347783,-0.321421,"New Zealand",1957,"New Zealand (1957)"
2.37,1.57101,1,0,0,0,-0.101402,-0.532945,-0.230057,-0.347783,-0.321421,"New Zealand",1960,"New Zealand (1960)"
2.39,1.57101,1,0,0,0,-0.101402,-0.532945,-0.230057,-0.347783,-0.321421,"New Zealand",1963,"New Zealand (1963)"
2.61,1.57101,1,0,0,0,-0.101402,-0.532945,-0.230057,-0.347783,-0.321421,"New Zealand",1966,"New Zealand (1966)"
2.45,1.57101,1,0,0,0,-0.101402,-0.532945,-0.230057,-0.347783,-0.321421,"New Zealand",1969,"New Zealand (1969)"
2.43,1.57101,1,0,0,0,-0.101402,-0.532945,-0.230057,-0.347783,-0.321421,"New Zealand",1972,"New Zealand (1972)"
2.55,1.57101,1,0,0,0,-0.101402,-0.532945,-0.230057,-0.347783,-0.321421,"New Zealand",1975,"New Zealand (1975)"
2.87,1.57101,1,0,0,0,-0.101402,-0.532945,-0.230057,-0.347783,-0.321421,"New Zealand",1978,"New Zealand (1978)"
2.89,1.57101,1,0,0,0,-0.101402,-0.532945,-0.230057,-0.347783,-0.321421,"New Zealand",1981,"New Zealand (1981)"
2.99,1.57101,1,0,0,0,-0.101402,-0.532945,-0.230057,-0.347783,-0.321421,"New Zealand",1984,"New Zealand (1984)"
2.34,1.57101,1,0,0,0,-0.101402,-0.532945,-0.230057,-0.347783,-0.321421,"New Zealand",1987,"New Zealand (1987)"
2.78,1.57101,1,0,0,0,-0.101402,-0.532945,-0.230057,-0.347783,-0.321421,"New Zealand",1990,"New Zealand (1990)"
3.525,1.57101,1,0,0,0,-0.101402,-0.532945,-0.230057,-0.347783,-0.321421,"New Zealand",1993,"New Zealand (1993)"
4.39,1.57101,1,45.8,0,0,-0.101402,-0.532945,1.53889,-0.347783,-0.321421,"New Zealand",1996,"New Zealand (1996)"
3.86,1.57101,1,45.8,0,0,-0.101402,-0.532945,1.53889,-0.347783,-0.321421,"New Zealand",1999,"New Zealand (1999)"
3.92,5.12295,1,0,0,0,1.57786,-0.532945,-0.230057,-0.347783,-0.321421,"Nigeria",1964,"Nigeria (1964)"
3.76,1.10803,5.17,0,0,0,-0.320286,0.104087,-0.230057,-0.347783,-0.321421,"Norway",1949,"Norway (1949)"
3.53,1.10803,7.5,0,0,0,-0.320286,0.248344,-0.230057,-0.347783,-0.321421,"Norway",1953,"Norway (1953)"
3.44,1.10803,7.5,0,0,0,-0.320286,0.248344,-0.230057,-0.347783,-0.321421,"Norway",1957,"Norway (1957)"
3.59,1.10803,7.5,0,0,0,-0.320286,0.248344,-0.230057,-0.347783,-0.321421,"Norway",1961,"Norway (1961)"
3.9,1.10803,7.5,0,0,0,-0.320286,0.248344,-0.230057,-0.347783,-0.321421,"Norway",1965,"Norway (1965)"
3.61,1.10803,7.5,0,0,0,-0.320286,0.248344,-0.230057,-0.347783,-0.321421,"Norway",1969,"Norway (1969)"
4.63,1.10803,8.16,0,0,0,-0.320286,0.281047,-0.230057,-0.347783,-0.321421,"Norway",1973,"Norway (1973)"
3.85,1.10803,8.16,0,0,0,-0.320286,0.281047,-0.230057,-0.347783,-0.321421,"Norway",1977,"Norway (1977)"
3.92,1.10803,8.16,0,0,0,-0.320286,0.281047,-0.230057,-0.347783,-0.321421,"Norway",1981,"Norway (1981)"
3.63,1.10803,8.26,0,0,0,-0.320286,0.28577,-0.230057,-0.347783,-0.321421,"Norway",1985,"Norway (1985)"
4.84,1.10803,8.26,4.8,0,0,-0.320286,0.28577,-0.0446651,-0.347783,-0.321421,"Norway",1989,"Norway (1989)"
4.74,1.10803,8.26,4.8,0,0,-0.320286,0.28577,-0.0446651,-0.347783,-0.321421,"Norway",1993,"Norway (1993)"
5.07,1.10803,8.26,4.8,0,0,-0.320286,0.28577,-0.0446651,-0.347783,-0.321421,"Norway",1997,"Norway (1997)"
2.045,2.13721,1,0,0,0,0.166282,-0.532945,-0.230057,-0.347783,-0.321421,"Pakistan",1977,"Pakistan (1977)"
3.565,2.13721,1,0,0,0,0.166282,-0.532945,-0.230057,-0.347783,-0.321421,"Pakistan",1990,"Pakistan (1990)"
3.26,2.13721,1,0,0,0,0.166282,-0.532945,-0.230057,-0.347783,-0.321421,"Pakistan",1993,"Pakistan (1993)"
4.71,2.02716,5.3,0,2.85,1,0.114253,0.113717,-0.230057,0.559326,0.955463,"Panama",1960,"Panama (1960)"
8.64,2.02716,1.78,0,5.56,1,0.114253,-0.30936,-0.230057,1.42187,0.955463,"Panama",1994,"Panama (1994)"
5.68,2.02716,1.78,0,4.74,1,0.114253,-0.30936,-0.230057,1.16088,0.955463,"Panama",1999,"Panama (1999)"
3.39,2.76167,7.58,0,3.4,1,0.46151,0.252458,-0.230057,0.734382,0.955463,"Peru",1962,"Peru (1962)"
2.98,2.76167,5.79,0,2.98,1,0.46151,0.148004,-0.230057,0.600703,0.955463,"Peru",1963,"Peru (1963)"
4.18,2.76167,7.5,0,3.45,1,0.46151,0.248344,-0.230057,0.750296,0.955463,"Peru",1980,"Peru (1980)"
3.02,2.76167,6.92,0,2.76,1,0.46151,0.217134,-0.230057,0.53068,0.955463,"Peru",1985,"Peru (1985)"
5.035,2.76167,6.92,0,3.99,1,0.46151,0.217134,-0.230057,0.922169,0.955463,"Peru",1990,"Peru (1990)"
3.335,1.19155,1,0,2,1,-0.2808,-0.532945,-0.230057,0.288785,0.955463,"Philippines",1946,"Philippines (1946)"
2.445,1.19155,1,0,2.43,0.6,-0.2808,-0.532945,-0.230057,0.425647,0.44471,"Philippines",1949,"Philippines (1949)"
2.565,1.19155,1,0,1.75,1,-0.2808,-0.532945,-0.230057,0.209214,0.955463,"Philippines",1953,"Philippines (1953)"
2.14,1.19155,1,0,3.36,1,-0.2808,-0.532945,-0.230057,0.721651,0.955463,"Philippines",1957,"Philippines (1957)"
2.055,1.19155,1,0,1.98,1,-0.2808,-0.532945,-0.230057,0.282419,0.955463,"Philippines",1961,"Philippines (1961)"
2.28,1.19155,1,0,2.19,1,-0.2808,-0.532945,-0.230057,0.349259,0.955463,"Philippines",1965,"Philippines (1965)"
4.91,1.19155,1,0,5.84,1,-0.2808,-0.532945,-0.230057,1.51099,0.955463,"Philippines",1992,"Philippines (1992)"
4.805,1.19155,1,0,5.84,0,-0.2808,-0.532945,-0.230057,1.51099,-0.321421,"Philippines",1995,"Philippines (1995)"
3.12,1.19155,1,20,4.35,1,-0.2808,-0.532945,0.542409,1.03675,0.955463,"Philippines",1998,"Philippines (1998)"
4,1.04123,12.95,0,2.31,1,-0.351868,0.460132,-0.230057,0.387453,0.955463,"Portugal",1976,"Portugal (1976)"
3.01,1.04123,12.3,0,2.31,0.5,-0.351868,0.440164,-0.230057,0.387453,0.317021,"Portugal",1979,"Portugal (1979)"
2.89,1.04123,12.3,0,2.08,1,-0.351868,0.440164,-0.230057,0.314247,0.955463,"Portugal",1980,"Portugal (1980)"
3.74,1.04123,12.3,0,2.08,0,-0.351868,0.440164,-0.230057,0.314247,-0.321421,"Portugal",1983,"Portugal (1983)"
4.77,1.04123,12.3,0,2.08,0.67,-0.351868,0.440164,-0.230057,0.314247,0.534092,"Portugal",1985,"Portugal (1985)"
2.98,1.04123,12.3,0,3.05,0.6,-0.351868,0.440164,-0.230057,0.622983,0.44471,"Portugal",1987,"Portugal (1987)"
2.86,1.04123,11.3,0,1.87,1,-0.351868,0.407284,-0.230057,0.247408,0.955463,"Portugal",1991,"Portugal (1991)"
3.09,1.04123,11.3,0,1.87,0.6,-0.351868,0.407284,-0.230057,0.247408,0.44471,"Portugal",1995,"Portugal (1995)"
3.19,1.04123,11.3,0,1.99,0.5,-0.351868,0.407284,-0.230057,0.285602,0.317021,"Portugal",1999,"Portugal (1999)"
3.05,5.31067,2.62,0,0,0,1.66661,-0.159469,-0.230057,-0.347783,-0.321421,"Somalia",1964,"Somalia (1964)"
4.31,2.00869,6.73,0,0,0,0.105521,0.206339,-0.230057,-0.347783,-0.321421,"Spain",1977,"Spain (1977)"
4.28,2.00869,6.73,0,0,0,0.105521,0.206339,-0.230057,-0.347783,-0.321421,"Spain",1979,"Spain (1979)"
3.19,2.00869,6.73,0,0,0,0.105521,0.206339,-0.230057,-0.347783,-0.321421,"Spain",1982,"Spain (1982)"
3.6,2.00869,6.73,0,0,0,0.105521,0.206339,-0.230057,-0.347783,-0.321421,"Spain",1986,"Spain (1986)"
4.08,2.00869,6.73,0,0,0,0.105521,0.206339,-0.230057,-0.347783,-0.321421,"Spain",1989,"Spain (1989)"
3.53,2.00869,6.73,0,0,0,0.105521,0.206339,-0.230057,-0.347783,-0.321421,"Spain",1993,"Spain (1993)"
3.27,2.00869,6.73,0,0,0,0.105521,0.206339,-0.230057,-0.347783,-0.321421,"Spain",1996,"Spain (1996)"
3.12,2.00869,6.73,0,0,0,0.105521,0.206339,-0.230057,-0.347783,-0.321421,"Spain",2000,"Spain (2000)"
4.155,1.74969,1,0,0,0,-0.0169269,-0.532945,-0.230057,-0.347783,-0.321421,"Sri Lanka",1952,"Sri Lanka (1952)"
4.005,1.74969,1,0,0,0,-0.0169269,-0.532945,-0.230057,-0.347783,-0.321421,"Sri Lanka",1956,"Sri Lanka (1956)"
6.255,1.74969,1,0,0,0,-0.0169269,-0.532945,-0.230057,-0.347783,-0.321421,"Sri Lanka",1960,"Sri Lanka (1960)"
3.74,1.74969,1,0,0,0,-0.0169269,-0.532945,-0.230057,-0.347783,-0.321421,"Sri Lanka",1960,"Sri Lanka (1960)"
3.885,1.74969,1,0,0,0,-0.0169269,-0.532945,-0.230057,-0.347783,-0.321421,"Sri Lanka",1965,"Sri Lanka (1965)"
3.425,1.74969,1,0,0,0,-0.0169269,-0.532945,-0.230057,-0.347783,-0.321421,"Sri Lanka",1970,"Sri Lanka (1970)"
2.83,1.74969,1,0,0,0,-0.0169269,-0.532945,-0.230057,-0.347783,-0.321421,"Sri Lanka",1977,"Sri Lanka (1977)"
2.76,1.74969,8.91,12.89,2.18,0.67,-0.0169269,0.315143,0.267797,0.346076,0.534092,"Sri Lanka",1989,"Sri Lanka (1989)"
2.31,1.74969,8.91,12.89,1.93,1,-0.0169269,0.315143,0.267797,0.266505,0.955463,"Sri Lanka",1994,"Sri Lanka (1994)"
2.705,1.74969,8.91,12.89,2.25,0.67,-0.0169269,0.315143,0.267797,0.368356,0.534092,"Sri Lanka",2000,"Sri Lanka (2000)"
3.35,1.23376,8.21,0,0,0,-0.260845,0.283416,-0.230057,-0.347783,-0.321421,"Sweden",1948,"Sweden (1948)"
3.28,1.23376,8.21,0,0,0,-0.260845,0.283416,-0.230057,-0.347783,-0.321421,"Sweden",1952,"Sweden (1952)"
3.37,1.23376,8.25,0,0,0,-0.260845,0.285301,-0.230057,-0.347783,-0.321421,"Sweden",1956,"Sweden (1956)"
3.31,1.23376,8.25,0,0,0,-0.260845,0.285301,-0.230057,-0.347783,-0.321421,"Sweden",1958,"Sweden (1958)"
3.26,1.23376,8.29,0,0,0,-0.260845,0.287176,-0.230057,-0.347783,-0.321421,"Sweden",1960,"Sweden (1960)"
3.42,1.23376,8.32,0,0,0,-0.260845,0.288577,-0.230057,-0.347783,-0.321421,"Sweden",1964,"Sweden (1964)"
3.18,1.23376,8.32,0,0,0,-0.260845,0.288577,-0.230057,-0.347783,-0.321421,"Sweden",1968,"Sweden (1968)"
3.49,1.23376,11.07,11.4,0,0,-0.260845,0.39931,0.210249,-0.347783,-0.321421,"Sweden",1970,"Sweden (1970)"
3.54,1.23376,11.07,11.4,0,0,-0.260845,0.39931,0.210249,-0.347783,-0.321421,"Sweden",1973,"Sweden (1973)"
3.58,1.23376,11.07,11.2,0,0,-0.260845,0.39931,0.202524,-0.347783,-0.321421,"Sweden",1976,"Sweden (1976)"
3.63,1.23376,11.07,11.2,0,0,-0.260845,0.39931,0.202524,-0.347783,-0.321421,"Sweden",1979,"Sweden (1979)"
3.39,1.23376,11.07,11.2,0,0,-0.260845,0.39931,0.202524,-0.347783,-0.321421,"Sweden",1982,"Sweden (1982)"
3.34,1.23376,11.07,11.2,0,0,-0.260845,0.39931,0.202524,-0.347783,-0.321421,"Sweden",1985,"Sweden (1985)"
3.91,1.23376,11.07,11.2,0,0,-0.260845,0.39931,0.202524,-0.347783,-0.321421,"Sweden",1988,"Sweden (1988)"
4.58,1.23376,11.07,11.2,0,0,-0.260845,0.39931,0.202524,-0.347783,-0.321421,"Sweden",1991,"Sweden (1991)"
3.65,1.23376,10.69,11.2,0,0,-0.260845,0.385766,0.202524,-0.347783,-0.321421,"Sweden",1994,"Sweden (1994)"
4.54,1.23376,10.69,11.2,0,0,-0.260845,0.385766,0.202524,-0.347783,-0.321421,"Sweden",1998,"Sweden (1998)"
5.34,2.35385,7.76,0,0,0,0.268704,0.261558,-0.230057,-0.347783,-0.321421,"Switzerland",1947,"Switzerland (1947)"
5.09,2.35385,7.84,0,0,0,0.268704,0.265535,-0.230057,-0.347783,-0.321421,"Switzerland",1951,"Switzerland (1951)"
4.96,2.35385,7.84,0,0,0,0.268704,0.265535,-0.230057,-0.347783,-0.321421,"Switzerland",1957,"Switzerland (1957)"
5.04,2.35385,7.84,0,0,0,0.268704,0.265535,-0.230057,-0.347783,-0.321421,"Switzerland",1959,"Switzerland (1959)"
5.005,2.35385,8,0,0,0,0.268704,0.273369,-0.230057,-0.347783,-0.321421,"Switzerland",1963,"Switzerland (1963)"
5.55,2.35385,8,0,0,0,0.268704,0.273369,-0.230057,-0.347783,-0.321421,"Switzerland",1967,"Switzerland (1967)"
6.17,2.35385,8,0,0,0,0.268704,0.273369,-0.230057,-0.347783,-0.321421,"Switzerland",1971,"Switzerland (1971)"
5.795,2.35385,8,0,0,0,0.268704,0.273369,-0.230057,-0.347783,-0.321421,"Switzerland",1975,"Switzerland (1975)"
5.52,2.35385,7.7,0,0,0,0.268704,0.258548,-0.230057,-0.347783,-0.321421,"Switzerland",1979,"Switzerland (1979)"
6.03,2.35385,7.7,0,0,0,0.268704,0.258548,-0.230057,-0.347783,-0.321421,"Switzerland",1983,"Switzerland (1983)"
6.83,2.35385,7.7,0,0,0,0.268704,0.258548,-0.230057,-0.347783,-0.321421,"Switzerland",1987,"Switzerland (1987)"
7.37,2.35385,7.7,0,0,0,0.268704,0.258548,-0.230057,-0.347783,-0.321421,"Switzerland",1991,"Switzerland (1991)"
6.86,2.35385,7.7,0,0,0,0.268704,0.258548,-0.230057,-0.347783,-0.321421,"Switzerland",1995,"Switzerland (1995)"
5.88,2.35385,7.7,0,0,0,0.268704,0.258548,-0.230057,-0.347783,-0.321421,"Switzerland",1999,"Switzerland (1999)"
5.905,1.75863,2.4,0,0,0,-0.0127003,-0.193478,-0.230057,-0.347783,-0.321421,"Thailand",1983,"Thailand (1983)"
7.97,1.75863,2.51,0,0,0,-0.0127003,-0.176101,-0.230057,-0.347783,-0.321421,"Thailand",1986,"Thailand (1986)"
9.75,1.75863,2.51,0,0,0,-0.0127003,-0.176101,-0.230057,-0.347783,-0.321421,"Thailand",1988,"Thailand (1988)"
6.7,1.75863,2.54,0,0,0,-0.0127003,-0.171494,-0.230057,-0.347783,-0.321421,"Thailand",1992,"Thailand (1992)"
6.6,1.75863,2.54,0,0,0,-0.0127003,-0.171494,-0.230057,-0.347783,-0.321421,"Thailand",1992,"Thailand (1992)"
6.81,1.75863,2.52,0,0,0,-0.0127003,-0.174559,-0.230057,-0.347783,-0.321421,"Thailand",1995,"Thailand (1995)"
4.61,1.75863,2.52,0,0,0,-0.0127003,-0.174559,-0.230057,-0.347783,-0.321421,"Thailand",1996,"Thailand (1996)"
2.51,2.83221,1,0,0,0,0.494859,-0.532945,-0.230057,-0.347783,-0.321421,"Trinidad and Tobago",1966,"Trinidad and Tobago (1966)"
1.38,2.83221,1,0,0,0,0.494859,-0.532945,-0.230057,-0.347783,-0.321421,"Trinidad and Tobago",1971,"Trinidad and Tobago (1971)"
2.65,2.83221,1,0,0,0,0.494859,-0.532945,-0.230057,-0.347783,-0.321421,"Trinidad and Tobago",1976,"Trinidad and Tobago (1976)"
2.82,2.83221,1,0,0,0,0.494859,-0.532945,-0.230057,-0.347783,-0.321421,"Trinidad and Tobago",1981,"Trinidad and Tobago (1981)"
1.84,2.83221,1,0,0,0,0.494859,-0.532945,-0.230057,-0.347783,-0.321421,"Trinidad and Tobago",1986,"Trinidad and Tobago (1986)"
2.88,2.83221,1,0,0,0,0.494859,-0.532945,-0.230057,-0.347783,-0.321421,"Trinidad and Tobago",1991,"Trinidad and Tobago (1991)"
2.22,2.83221,1,0,0,0,0.494859,-0.532945,-0.230057,-0.347783,-0.321421,"Trinidad and Tobago",1995,"Trinidad and Tobago (1995)"
2.15,2.83221,1,0,0,0,0.494859,-0.532945,-0.230057,-0.347783,-0.321421,"Trinidad and Tobago",2000,"Trinidad and Tobago (2000)"
3.4,1.42552,6.72,0,0,0,-0.170186,0.205762,-0.230057,-0.347783,-0.321421,"Turkey",1961,"Turkey (1961)"
3.33,1.42552,6.72,0,0,0,-0.170186,0.205762,-0.230057,-0.347783,-0.321421,"Turkey",1969,"Turkey (1969)"
4.31,1.42552,6.72,0,0,0,-0.170186,0.205762,-0.230057,-0.347783,-0.321421,"Turkey",1973,"Turkey (1973)"
3.13,1.42552,6.72,0,0,0,-0.170186,0.205762,-0.230057,-0.347783,-0.321421,"Turkey",1977,"Turkey (1977)"
2.85,1.42552,5.42,0,0,0,-0.170186,0.122398,-0.230057,-0.347783,-0.321421,"Turkey",1983,"Turkey (1983)"
4.12,1.42552,4.33,0,0,0,-0.170186,0.0353361,-0.230057,-0.347783,-0.321421,"Turkey",1987,"Turkey (1987)"
4.68,1.42552,4.21,0,0,0,-0.170186,0.0244383,-0.230057,-0.347783,-0.321421,"Turkey",1991,"Turkey (1991)"
6.14,1.42552,6.63,0,0,0,-0.170186,0.200534,-0.230057,-0.347783,-0.321421,"Turkey",1995,"Turkey (1995)"
6.78,1.42552,6.55,0,0,0,-0.170186,0.195827,-0.230057,-0.347783,-0.321421,"Turkey",1999,"Turkey (1999)"
2.24,14.2243,1,0,0,0,5.88073,-0.532945,-0.230057,-0.347783,-0.321421,"Uganda",1980,"Uganda (1980)"
2.44,1.48036,1,0,0,0,-0.144259,-0.532945,-0.230057,-0.347783,-0.321421,"United Kingdom",1950,"United Kingdom (1950)"
2.13,1.48036,1,0,0,0,-0.144259,-0.532945,-0.230057,-0.347783,-0.321421,"United Kingdom",1951,"United Kingdom (1951)"
2.16,1.48036,1,0,0,0,-0.144259,-0.532945,-0.230057,-0.347783,-0.321421,"United Kingdom",1955,"United Kingdom (1955)"
2.28,1.48036,1,0,0,0,-0.144259,-0.532945,-0.230057,-0.347783,-0.321421,"United Kingdom",1959,"United Kingdom (1959)"
2.52,1.48036,1,0,0,0,-0.144259,-0.532945,-0.230057,-0.347783,-0.321421,"United Kingdom",1964,"United Kingdom (1964)"
2.42,1.48036,1,0,0,0,-0.144259,-0.532945,-0.230057,-0.347783,-0.321421,"United Kingdom",1966,"United Kingdom (1966)"
2.46,1.48036,1,0,0,0,-0.144259,-0.532945,-0.230057,-0.347783,-0.321421,"United Kingdom",1970,"United Kingdom (1970)"
3.13,1.48036,1,0,0,0,-0.144259,-0.532945,-0.230057,-0.347783,-0.321421,"United Kingdom",1974,"United Kingdom (1974)"
3.15,1.48036,1,0,0,0,-0.144259,-0.532945,-0.230057,-0.347783,-0.321421,"United Kingdom",1974,"United Kingdom (1974)"
2.87,1.48036,1,0,0,0,-0.144259,-0.532945,-0.230057,-0.347783,-0.321421,"United Kingdom",1979,"United Kingdom (1979)"
2.83,1.48036,1,0,0,0,-0.144259,-0.532945,-0.230057,-0.347783,-0.321421,"United Kingdom",1983,"United Kingdom (1983)"
2.85,1.48036,1,0,0,0,-0.144259,-0.532945,-0.230057,-0.347783,-0.321421,"United Kingdom",1987,"United Kingdom (1987)"
3.03,1.48036,1,0,0,0,-0.144259,-0.532945,-0.230057,-0.347783,-0.321421,"United Kingdom",1992,"United Kingdom (1992)"
3.23,1.48036,1,0,0,0,-0.144259,-0.532945,-0.230057,-0.347783,-0.321421,"United Kingdom",1997,"United Kingdom (1997)"
2.05,1.96447,1,0,2.02,0,0.0846152,-0.532945,-0.230057,0.29515,-0.321421,"United States",1946,"United States (1946)"
2.07,1.96447,1,0,2.22,1,0.0846152,-0.532945,-0.230057,0.358807,0.955463,"United States",1948,"United States (1948)"
2.06,1.96447,1,0,2.22,0,0.0846152,-0.532945,-0.230057,0.358807,-0.321421,"United States",1950,"United States (1950)"
2.04,1.96447,1,0,1.997,1,0.0846152,-0.532945,-0.230057,0.28783,0.955463,"United States",1952,"United States (1952)"
2.01,1.96447,1,0,1.997,0,0.0846152,-0.532945,-0.230057,0.28783,-0.321421,"United States",1954,"United States (1954)"
2.01,1.96447,1,0,1.98,1,0.0846152,-0.532945,-0.230057,0.282419,0.955463,"United States",1956,"United States (1956)"
1.98,1.96447,1,0,1.98,0,0.0846152,-0.532945,-0.230057,0.282419,-0.321421,"United States",1958,"United States (1958)"
2.01,1.96447,1,0,2.03,1,0.0846152,-0.532945,-0.230057,0.298333,0.955463,"United States",1960,"United States (1960)"
2.01,1.96447,1,0,2.03,0,0.0846152,-0.532945,-0.230057,0.298333,-0.321421,"United States",1962,"United States (1962)"
1.97,1.96447,1,0,1.92,1,0.0846152,-0.532945,-0.230057,0.263322,0.955463,"United States",1964,"United States (1964)"
2.03,1.96447,1,0,1.92,0,0.0846152,-0.532945,-0.230057,0.263322,-0.321421,"United States",1966,"United States (1966)"
2.05,1.96447,1,0,2.57,1,0.0846152,-0.532945,-0.230057,0.470206,0.955463,"United States",1968,"United States (1968)"
2.035,1.96447,1,0,2.57,0,0.0846152,-0.532945,-0.230057,0.470206,-0.321421,"United States",1970,"United States (1970)"
2.04,1.96447,1,0,1.96,1,0.0846152,-0.532945,-0.230057,0.276053,0.955463,"United States",1972,"United States (1972)"
2,1.96447,1,0,1.96,0,0.0846152,-0.532945,-0.230057,0.276053,-0.321421,"United States",1974,"United States (1974)"
2.02,1.96447,1,0,2.08,1,0.0846152,-0.532945,-0.230057,0.314247,0.955463,"United States",1976,"United States (1976)"
2.03,1.96447,1,0,2.08,0,0.0846152,-0.532945,-0.230057,0.314247,-0.321421,"United States",1978,"United States (1978)"
2.06,1.96447,1,0,2.33,1,0.0846152,-0.532945,-0.230057,0.393818,0.955463,"United States",1980,"United States (1980)"
2.02,1.96447,1,0,2.33,0,0.0846152,-0.532945,-0.230057,0.393818,-0.321421,"United States",1982,"United States (1982)"
2.03,1.96447,1,0,1.96,1,0.0846152,-0.532945,-0.230057,0.276053,0.955463,"United States",1984,"United States (1984)"
2.01,1.96447,1,0,1.96,0,0.0846152,-0.532945,-0.230057,0.276053,-0.321421,"United States",1986,"United States (1986)"
2.03,1.96447,1,0,1.99,1,0.0846152,-0.532945,-0.230057,0.285602,0.955463,"United States",1988,"United States (1988)"
2.07,1.96447,1,0,1.99,0,0.0846152,-0.532945,-0.230057,0.285602,-0.321421,"United States",1990,"United States (1990)"
2.145,1.96447,1,0,2.74,1,0.0846152,-0.532945,-0.230057,0.524315,0.955463,"United States",1992,"United States (1992)"
2.08,1.96447,1,0,2.74,0,0.0846152,-0.532945,-0.230057,0.524315,-0.321421,"United States",1994,"United States (1994)"
2.11,1.96447,1,0,2.41,1,0.0846152,-0.532945,-0.230057,0.419281,0.955463,"United States",1996,"United States (1996)"
2.155,1.96447,1,0,2.41,0,0.0846152,-0.532945,-0.230057,0.419281,-0.321421,"United States",1998,"United States (1998)"
2.18,1.96447,1,0,2.15,1,0.0846152,-0.532945,-0.230057,0.336527,0.955463,"United States",2000,"United States (2000)"
1.87,1.93526,4.78,0,1.66,1,0.0708056,0.0736746,-0.230057,0.180568,0.955463,"Venezuela",1947,"Venezuela (1947)"
4.77,1.93526,7.26,6.7,4.56,1,0.0708056,0.235733,0.0287191,1.10359,0.955463,"Venezuela",1963,"Venezuela (1963)"
6.045,1.93526,8.52,8.41,3.98,1,0.0708056,0.297787,0.094765,0.918987,0.955463,"Venezuela",1968,"Venezuela (1968)"
3.36,1.93526,7.96,8.5,2.65,1,0.0708056,0.271425,0.0982411,0.495669,0.955463,"Venezuela",1973,"Venezuela (1973)"
3.11,1.93526,7.96,8.04,2.45,1,0.0708056,0.271425,0.0804743,0.432012,0.955463,"Venezuela",1978,"Venezuela (1978)"
2.97,1.93526,7.91,9,2.25,1,0.0708056,0.268982,0.117553,0.368356,0.955463,"Venezuela",1983,"Venezuela (1983)"
3.38,1.93526,7.91,9.45,2.25,1,0.0708056,0.268982,0.134933,0.368356,0.955463,"Venezuela",1988,"Venezuela (1988)"
5.635,1.93526,1,49.75,4.03,1,0.0708056,-0.532945,1.69145,0.934901,0.955463,"Venezuela",1993,"Venezuela (1993)"
7.36,1.93526,1.22,57.49,2.1,1,0.0708056,-0.455839,1.9904,0.320613,0.955463,"Venezuela",1998,"Venezuela (1998)"
4.24,1.93526,6.88,0,3.38,1,0.0708056,0.214886,-0.230057,0.728016,0.955463,"Venezuela",2000,"Venezuela (2000)"
